"Status","Start Time","Stop Time","Duration in ms","Parent Suite","Suite","Sub Suite","Test Class","Test Method","Name","Description"
"passed","Tue Jan 26 11:11:12 CST 2021","Tue Jan 26 11:12:01 CST 2021","49697","Runner","test_case","Test_Class","","","test_01_CodePayProcess[13000000000-8888]",""
"passed","Tue Jan 26 11:12:01 CST 2021","Tue Jan 26 11:12:03 CST 2021","1173","Runner","test_case","Test_Class","","","test_02_IDLoginFail[13316957721-0]",""
"passed","Tue Jan 26 11:12:04 CST 2021","Tue Jan 26 11:12:05 CST 2021","1406","Runner","test_case","Test_Class","","","test_02_IDLoginFail[13316957722-z7231138755]",""
"passed","Tue Jan 26 11:12:14 CST 2021","Tue Jan 26 11:12:15 CST 2021","1048","Runner","test_case","Test_Class","","","test_03_CodeLoginFail[-]",""
"passed","Tue Jan 26 11:12:09 CST 2021","Tue Jan 26 11:12:10 CST 2021","1274","Runner","test_case","Test_Class","","","test_03_CodeLoginFail[13000000000-1234]",""
"passed","Tue Jan 26 11:12:15 CST 2021","Tue Jan 26 11:13:00 CST 2021","44307","Runner","test_case","Test_Class","","","test_05_IDPayProcess[13316957721-z723113875]",""
"passed","Tue Jan 26 11:12:03 CST 2021","Tue Jan 26 11:12:04 CST 2021","1374","Runner","test_case","Test_Class","","","test_02_IDLoginFail[13316957722-z723113875]",""
"passed","Tue Jan 26 11:12:12 CST 2021","Tue Jan 26 11:12:13 CST 2021","1049","Runner","test_case","Test_Class","","","test_03_CodeLoginFail[-1234]",""
"passed","Tue Jan 26 11:12:10 CST 2021","Tue Jan 26 11:12:11 CST 2021","1063","Runner","test_case","Test_Class","","","test_03_CodeLoginFail[/*-+!@#$%^&-1234]",""
"passed","Tue Jan 26 11:12:05 CST 2021","Tue Jan 26 11:12:07 CST 2021","1089","Runner","test_case","Test_Class","","","test_02_IDLoginFail[-z723113875]",""
"passed","Tue Jan 26 11:12:08 CST 2021","Tue Jan 26 11:12:09 CST 2021","1083","Runner","test_case","Test_Class","","","test_02_IDLoginFail[-]",""
"passed","Tue Jan 26 11:12:11 CST 2021","Tue Jan 26 11:12:12 CST 2021","1059","Runner","test_case","Test_Class","","","test_03_CodeLoginFail[-8888]",""
"passed","Tue Jan 26 11:12:13 CST 2021","Tue Jan 26 11:12:14 CST 2021","1058","Runner","test_case","Test_Class","","","test_03_CodeLoginFail[13000000000-]",""
"passed","Tue Jan 26 11:12:07 CST 2021","Tue Jan 26 11:12:08 CST 2021","1099","Runner","test_case","Test_Class","","","test_02_IDLoginFail[13316957721-1]",""
